"CO_PPE";"NO_PPE";"NO_PPE_MIN";"NO_PPE_ING"
"1011";"ABACAXIS FRESCOS OU SECOS";"Abacaxis frescos ou secos";"PINEAPPLES, FRESH OR DRIED"
"1041";"ARROZ EM GRAOS, INCLUSIVE ARROZ QUEBRADO";"Arroz em grãos, inclusive arroz quebrado";"RICE IN GRAIN, INCLUDING BROKEN RICE"
"1051";"ALGODAO EM BRUTO";"Algodão em bruto";"RAW COTTON"
"1052";"AMENDOIM EM GRAO";"Amendoim em grão";"PEANUTS, IN GRAIN"
"1055";"AMIANTO";"Amianto";"ASBESTOS"
"1061";"BANANAS FRESCAS OU SECAS";"Bananas frescas ou secas";"BANANAS, FRESH OR DRIED"
"1063";"BULBOS, TUBERCULOS, ETC.EM REPOUSO VEGETAT.FLOR OU MUDA";"Bulbos, tubérculos, etc.em repouso vegetat.flor ou muda";"BULBS, TUBERS, ETC. DORMANT CHANGES IN FLOWER"
"1067";"CRAVO-DA-INDIA";"Cravo-da-Índia";"CLOVES"
"1075";"CACAU INTEIRO OU PARTIDO, EM BRUTO OU TORRADO";"Cacau inteiro ou partido, em bruto ou torrado";"COCOA BEANS, WHOLE OR BROKEN, RAW OR ROASTED"
"1080";"CAFE CRU EM GRAO";"Café cru em grão";"COFFEE  NOT ROASTED, IN GRAIN"
"1082";"CAFE TORRADO, DESCAFEINADO OU NAO";"Café torrado, descafeinado ou não";"COFFEE ROASTED, DECAFFEINATED"
"1083";"ALUMINIO EM DESPERDICIOS E RESIDUOS";"Alumínio em desperdícios e resíduos";"ALUMINIUM AND WASTE"
"1084";"BOVINOS VIVOS";"Bovinos vivos";"LIVE CATTLE"
"1085";"CINZAS E RESIDUOS CONTENDO METAIS";"Cinzas e resíduos contendo metais";"ASHES AND RESIDUES CONTAINING METALS"
"1087";"CROMITA (MINERIO DE CROMO)";"Cromita (minério de cromo)";"CHROMITE (CHROMIUM ORE)"
"1095";"CAMARAO CONGELADO";"Camarão congelado";"FROZEN SHRIMP"
"1100";"CARNE DE BOVINO CONGELADA, FRESCA OU REFRIGERADA";"Carne de bovino congelada, fresca ou refrigerada";"BEEF FROZEN, FRESH OR CHILLED"
"1110";"CARNE DE EQUINO CONGELADA, FRESCA OU REFRIGERADA";"Carne de equino congelada, fresca ou refrigerada";"EQUINE FROZEN MEAT, FRESH OR CHILLED"
"1116";"CARNE DE FRANGO CONGELADA, FRESCA OU REFRIG.INCL.MIUDOS";"Carne de frango congelada, fresca ou refrig.incl.miudos";"FROZEN CHICKEN MEAT, FRESH OR CHILLED"
"1117";"CARNE DE SUINO CONGELADA, FRESCA OU REFRIGERADA";"Carne de suíno congelada, fresca ou refrigerada";"PIGMEAT FROZEN, FRESH OR CHILLED"
"1118";"CARNES SALGADAS, INCLUIDAS AS DE FRANGO";"Carnes salgadas, incluídas as de frango";"CORNED BEEF, INCLUDED THE CHICKEN"
"1119";"CARNE DE PATO/GANSO, CONG.,FRESCA OU REFRIG.INCL.MIUDOS";"Carne de pato/ganso, cong.,fresca ou refrig.incl.miúdos";"DUCK MEAT / GEESE, FROZEN, FRESH OR CHILLED"
"1120";"CASTANHA DO PARA (CASTANHA DO BRASIL)";"Castanha do para (castanha do brasil)";"BRAZIL NUTS"
"1130";"CASTANHA DE CAJU";"Castanha de caju";"CASHEW NUTS"
"1135";"CAULIM E OUTRAS ARGILAS CAULINICAS";"Caulim e outras argilas caulinicas";"KAOLIN AND OTHER CLAYS"
"1137";"CINZAS, DESPERDICIOS E RESIDUOS, DE METAIS PRECIOSOS";"Cinzas, desperdícios e resíduos, de metais preciosos";"ASH, RESIDUES AND WASTE OF PRECIOUS METALS"
"1138";"DESPERDICIOS E RESIDUOS DE COBRE";"Desperdícios e resíduos de cobre";"COPPER WASTE AND WASTE"
"1139";"DESPERDICIOS E RESIDUOS DE FERRO OU ACO";"Desperdícios e resíduos de ferro ou aço";"WASTE AND SCRAP OF IRON OR STEEL"
"1150";"MATE";"Mate";"MATE"
"1175";"MATERIAS,DESPERDICIOS E RESIDUOS VEGETAIS P/ALIM.ANIMAL";"Matérias,desperdícios e resíduos vegetais p/alim.animal";"MATERIALS, WASTE AND WASTE PLANT FEED"
"1180";"FARELO E RESIDUOS DA EXTRACAO DE OLEO DE SOJA";"Farelo e resíduos da extração de óleo de soja";"MEAL AND RESIDUES FROM SOYBEAN OIL"
"1185";"GAS NATURAL";"Gás natural";"NATURAL GAS"
"1190";"GOIABAS, MANGAS E MANGOSTOES FRESCOS";"Goiabas, mangas e mangostões frescos";"GUAVAS, MANGOES AND MANGOSTEENS, FRESH"
"1200";"GOMA-LACA, GOMAS E RESINAS NATURAIS";"Goma-laca, gomas e resinas naturais";"SHELLAC, NATURAL GUMS AND RESINS"
"1201";"FUMO EM FOLHAS E DESPERDICIOS";"Fumo em folhas e desperdícios";"SMOKING IN LEAVES AND WASTE"
"1210";"MARMORES E GRANITOS, EM BRUTO OU DESBASTADOS";"Mármores e granitos, em bruto ou desbastados";"MARBLE AND GRANITE, CRUDE OR ROUGHLY TRIMMED"
"1215";"GRAFITA NATURAL";"Grafita natural";"NATURAL GRAPHITE"
"1222";"LAGOSTAS CONGELADAS";"Lagostas congeladas";"CRAWFISH FROZEN"
"1223";"LARANJAS FRESCAS OU SECAS";"Laranjas frescas ou secas";"ORANGES, FRESH OR DRIED"
"1224";"LIMOES E LIMAS, FRESCOS OU SECOS";"Limões e limas, frescos ou secos";"LEMONS AND LIMES, FRESH OR DRIED"
"1226";"MAGNESIA CALCINADA A FUNDO E OUTROS OXIDOS DE MAGNESIO";"Magnésia calcinada a fundo e outros óxidos de magnésio";"MAGNESIA-BURNED AND OTHER MAGNESIUM OXIDE"
"1235";"MELOES FRESCOS";"Melões frescos";"MELONS,  FRESH"
"1240";"MILHO EM GRAOS";"Milho em grãos";"MAIZE "
"1253";"MADEIRAS EM BRUTO";"Madeiras em bruto";"WOOD "
"1255";"MINERIOS DE ALUMINIO E SEUS CONCENTRADOS";"Minérios de alumínio e seus concentrados";"ALUMINUM ORE AND CONCENTRATES"
"1257";"MINERIOS DE CHUMBO E SEUS CONCENTRADOS";"Minérios de chumbo e seus concentrados";"LEAD ORES AND CONCENTRATES"
"1258";"MINERIOS DE FERRO E SEUS CONCENTRADOS";"Minérios de ferro e seus concentrados";"IRON ORE AND CONCENTRATES ITS"
"1260";"MINERIOS DE MANGANES E SEUS CONCENTRADOS";"Minérios de manganês e seus concentrados";"MANGANESE ORE CONCENTRATES AND THEIR"
"1263";"MUDAS, ENXERTOS E PLANTAS VIVAS";"Mudas, enxertos e plantas vivas";"PLANTS, LIVE PLANTS AND SLIPS"
"1265";"CARNE DE PERU CONGELADA, FRESCA OU REFRIG. INCL. MIUDOS";"Carne de peru congelada, fresca ou refrig. incl. miúdos";"FROZEN TURKEY MEAT, FRESH OR CHILLED, INCLUDING PIECES"
"1267";"ORGAOS E SUBSTANCIAS DE ANIMAIS, P/PREPAR.PRODS.FARMAC.";"Órgãos e substâncias de animais, p/prepar.prods.farmac.";"ORGANS AND SUBST OF ANIMALS, AND PREPAR. FOR PHARMACEUT"
"1269";"OVOS DE GALINHAS";"Ovos de galinhas";"CHICKEN EGGS"
"1275";"PEDRAS PRECIOSAS OU SEMIPRECIOSAS,EM BRUTO,NAO ENGASTAD";"Pedras preciosas ou semipreciosas,em bruto,não engastad";"PRECIOUS STONES, RAW, NOT SET"
"1290";"PIMENTA EM GRAO";"Pimenta em grão";"PEPPER IN GRAIN"
"1296";"FARELO E RESIDUOS DA EXTRACAO DE OLEOS VEGET.,EXC. SOJA";"Farelo e resíduos da extração de óleos veget.,exc. soja";"MEAL AND RESIDUES FROM VEGETABLE OILS, EXC.SOJA"
"1301";"SISAL E OUTRAS FIBRAS TEXTEIS ""AGAVE"" EM BRUTO";"Sisal e outras fibras têxteis ""agave"" em bruto";"SISAL AND OTHER TEXTILE AGAVE RAW"
"1315";"SOJA MESMO TRITURADA";"Soja mesmo triturada";"SOYBEANS, WHETHER OR NOT BROKEN"
"1321";"TRIPAS E BUCHOS DE ANIMAIS, FRESCOS, SALGADOS OU SECOS";"Tripas e buchos de animais, frescos, salgados ou secos";"GUTS AND STOMACHS OF ANIMALS, FRESH, SALTED OR DRIED"
"1325";"UVAS FRESCAS";"Uvas frescas";"GRAPES,FRESH"
"1327";"MACAS FRESCAS";"Maçãs frescas";"APPLES, FRESH"
"1329";"MAMOES (PAPAIAS) FRESCOS";"Mamões (papaias) frescos";"PAPAWS (PAPAYAS), FRESH"
"1365";"MEL NATURAL";"Mel natural";"NATURAL HONEY"
"1380";"PEIXES CONGELADOS, FRESCOS OU REFRIGERADOS";"Peixes congelados, frescos ou refrigerados";"FROZEN FISH, FRESH OR CHILLED"
"1400";"SEMENTES FORRAGEIRAS EXCETO DE BETERRABA";"Sementes forrageiras exceto de beterraba";"FORAGE SEEDS, EXCEPT BEET"
"1507";"MINERIOS DE COBRE E SEUS CONCENTRADOS";"Minérios de cobre e seus concentrados";"COPPER ORES AND THEIR CONCENTRATES"
"1511";"MIUDEZAS DE ANIMAIS, COMESTIVEIS";"Miudezas de animais, comestíveis";"ANIMAL OFFAL, EDIBLE"
"1631";"OLEOS BRUTOS DE PETROLEO";"Óleos brutos de petróleo";"CRUDE OIL"
"1801";"TRIGO EM GRAOS";"Trigo em grãos";"WHEAT IN GRAIN"
"1990";"DEMAIS PRODUTOS BASICOS";"Demais produtos básicos";"OTHER BASIC GOODS"
"2010";"ACUCAR DE CANA, EM BRUTO";"Açúcar de cana, em bruto";"CANE SUGAR, RAW"
"2015";"ALUMINIO EM BRUTO";"Alumínio em bruto";"RAW ALUMINUM"
"2016";"BORRACHA SINTETICA E BORRACHA ARTIFICIAL";"Borracha sintética e borracha artificial";"RUBBER AND RUBBER SYNTHETIC ARTIFICIAL"
"2017";"CATODOS DE COBRE";"Catodos de cobre";"COPPER CATHODE"
"2018";"CATODOS DE NIQUEL";"Catodos de níquel";"NICKEL CATHODE"
"2020";"CERAS VEGETAIS";"Ceras vegetais";"VEGETABLE WAXES"
"2022";"COBALTO EM BRUTO";"Cobalto em bruto";"COBALT IN GROSS"
"2028";"COUROS E PELES, DEPILADOS, EXCETO EM BRUTO";"Couros e peles, depilados, exceto em bruto";"HIDES AND SKINS, DEHAIRED EXCEPT CRUDE"
"2029";"PELETERIA, EXCETO EM BRUTO";"Peleteria, exceto em bruto";"PELET, EXCEPT CRUDE"
"2030";"ESTANHO EM BRUTO";"Estanho em bruto";"TIN, CRUDE"
"2036";"EXTRATOS TANANTES DE ORIGEM VEGETAL";"Extratos tanantes de origem vegetal";"TANNING EXTRACTS OF VEGETABLE"
"2040";"CACAU EM PO";"Cacau em pó";"COCOA POWDER"
"2050";"FERRO FUNDIDO BRUTO E FERRO SPIEGEL (EX FERRO GUSA)";"Ferro fundido bruto e ferro spiegel (ex ferro gusa)";"CAST IRON AND CRUDE IRON SPIEGEL (EX PIG IRON)"
"2061";"FERRO-LIGAS";"Ferro-ligas";"FERRO-ALLOYS"
"2075";"LIGAS DE ALUMINIO, EM BRUTO";"Ligas de alumínio, em bruto";"ALUMINUM ALLOY, RAW"
"2130";"MADEIRA LAMINADA";"Madeira laminada";"LAMINATED WOOD"
"2136";"MADEIRA SERRADA OU FENDIDA LONGITUD. DE ESPESSURA > 6MM";"Madeira serrada ou fendida longitud. de espessura > 6mm";"WOOD SAWN OR CHIPPE LONGITUD. OF THICKNESS > 6MM"
"2140";"MANTEIGA, GORDURA E OLEO, DE CACAU";"Manteiga, gordura e óleo, de cacau";"COCOA BUTTER, FAT AND OIL"
"2145";"MADEIRA EM ESTILHAS OU EM PARTICULAS";"Madeira em estilhas ou em partículas";"WOOD IN CHIPS OR PARTICLES"
"2151";"MATES DE COBRE, COBRE DE CEMENTACAO (PRECIPIT.DE COBRE)";"Mates de cobre, cobre de cementação (precipit.de cobre)";"COPPER MATTES, CEMENT COPPER (PRECIPIT.DE COPPER)"
"2153";"MATES DE NIQUEL E PRODS. INTERMED. METALURGIA DO NIQUEL";"Mates de níquel e prods. intermed. metalurgia do níquel";"MATES OF NICKEL AND NICKEL PRODS.INTERMED.METALURGY"
"2165";"OLEO DE DENDE EM BRUTO";"Óleo de dendê em bruto";"CRUDE PALM OIL"
"2167";"OLEO DE MILHO, EM BRUTO";"Óleo de milho, em bruto";"CORN OIL, CRUDE"
"2180";"OLEO DE SOJA EM BRUTO";"Óleo de soja em bruto";"SOYBEAN OIL CRUDE"
"2185";"OURO EM FORMAS SEMIMANUFATURADAS,PARA USO NAO MONETARIO";"Ouro em formas semimanufaturadas,para uso não monetário";"GOLD IN FORMS TURES FOR NON-MONETARY"
"2190";"PASTA DE CACAU";"Pasta de cacau";"COCOA PASTE"
"2203";"CELULOSE";"Celulose";"WOOD PULP"
"2204";"PEDRAS P/CALCETAR, PLACAS P/PAVIMENT. DE PEDRA NATURAL";"Pedras p/calcetar, placas p/paviment. de pedra natural";"SETTS, PLATES FOR PAVING STONE"
"2205";"PIMENTOES E PIMENTAS TRITURADAS OU EM PO";"Pimentões e pimentas trituradas ou em pó";"CHILLI PEPPERS AND CRUSHED OR POWDERED"
"2207";"PRODUTOS SEMIMANUFATURADOS DE FERRO OU ACOS";"Produtos semimanufaturados de ferro ou aços";"SEMI-FINISHED PRODUCTS IRON OR STEEL"
"2210";"OLEO DE RICINO";"Óleo de rícino";"CASTOR OIL"
"2230";"TOPS DE LA PENTEADA";"Tops de lã penteada";"TOPS WORSTED"
"2235";"ZINCO EM BRUTO";"Zinco em bruto";"ZINC, RAW"
"2260";"SUCOS E EXTRATOS VEGETAIS E MATERIAS PECTICAS";"Sucos e extratos vegetais e matérias pécticas";"SAPS AND EXTRACTS AND PECTIC"
"2455";"PRATA EM BARRAS,FIOS,PERFIS DE SEC.MACICA,FORMA SEMIMAN";"Prata em barras,fios,perfis de sec.maciça,forma semiman";"SILVER IN BARS, WIRE, PROFILES SEC.MACICA, SEMI-FORM"
"2990";"DEMAIS PRODUTOS SEMIMANUFATURADOS";"Demais produtos semimanufaturados";"OTHER SEMIMANUFACTURED GOODS"
"3000";"ACIDOS CARBOXILICOS, SEUS ANIDRIDOS, HALOGENETOS, ETC.";"Ácidos carboxílicos, seus anidridos, halogenetos, etc.";"CARBOXYLIC ACIDS, THEIR ANHYDRIDES, HALIDES, ETC."
"3005";"ACELERADORES DE REACAO E PREPARACOES CATALITICAS";"Aceleradores de reação e preparações catalíticas";"REACTION ACCELERATORS AND CATALYTIC PREPARATIONS"
"3010";"ACUCAR REFINADO";"Açúcar refinado";"CANE SUGAR, REFINED"
"3013";"ADITIVOS PARA OLEOS LUBRIFICANTES";"Aditivos para óleos lubrificantes";"ADDITIVES FOR LUBRICATING OILS"
"3015";"ADUBOS OU FERTILIZ.CONT. NITROGENIO, FOSFORO E POTASSIO";"Adubos ou fertiliz.cont. nitrogênio, fosforo e potássio";"FERTILIZERS CONTAINING NITROGEN, PHOSPHORUS AND POTASSI"
"3016";"ADUBOS OU FERTILIZANTES FOSFATADOS";"Adubos ou fertilizantes fosfatados";"PHOSPHATE FERTILIZERS"
"3017";"ALCOOIS ACICLICOS E SEUS DERIVADOS HALOGENADOS, ETC.";"Álcoóis acíclicos e seus derivados halogenados, etc.";"ACYCLIC ALCOHOLS AND THEIR HALOGENATED, ETC."
"3022";"AMPOLAS DE VIDRO PARA TUBOS CATODICOS";"Ampolas de vidro para tubos catódicos";"AMPOULES OF GLASS FOR CATHODE RAY TUBES"
"3024";"ARTIGOS E APARS. DE PROTESE, DE ORTOPEDIA E SUAS PARTES";"Artigos e apars. de prótese, de ortopedia e suas partes";"ARTICLES AND APPARATUS PROSTHESIS, AND PARTS OF ORTHOPE"
"3026";"ETANOL";"Etanol";"ETHANOL"
"3028";"ANTIBIOTICOS";"Antibióticos";"ANTIBIOTICS"
"3029";"APARELHOS ELETR.DE SINALIZ.CONTROLE,ETC. P/VIAS FERREAS";"Aparelhos eletr.de sinaliz.controle,etc. p/vias férreas";"ELECTRIC SIGNAL AND CONTROL, ETC. TRAMWAY"
"3033";"ARDOSIA NATURAL E OBRAS DE ARDOSIA";"Ardósia natural e obras de ardósia";"SLATE AND ARTICLES OF SLATE"
"3034";"ALUMINIO, EM BARRAS, PERFIS, FIOS,CHAPAS,FOLHAS E TIRAS";"Alumínio, em barras, perfis, fios,chapas,folhas e tiras";"ALUMINUM IN BARS, PROFILES, WIRES, PLATES, SHEETS AND S"
"3036";"ARTIGOS DE JOALHERIA DE METAIS PRECIOSOS E SUAS PARTES";"Artigos de joalheria de metais preciosos e suas partes";"ARTICLES OF PRECIOUS METAL JEWELRY AND PARTS"
"3038";"AQUECEDOR, SECADOR OU TROCADOR DE CALOR, PARTES E PECAS";"Aquecedor, secador ou trocador de calor, partes e pecas";"HEATER, DRYER OR HEAT EXCHANGER, AND SPARE PARTS"
"3040";"PNEUMATICOS";"Pneumáticos";"PNEUMATIC"
"3046";"COBRE, EM BARRAS, PERFIS, FIOS, CHAPAS, FOLHAS E TIRAS";"Cobre, em barras, perfis, fios, chapas, folhas e tiras";"COPPER IN BARS, PROFILES, WIRES, PLATES, SHEETS AND STR"
"3049";"CORINDO ARTIFICIAL";"Corindo artificial";"ARTIFICIAL CORUNDUM"
"3051";"ENCHIDOS DE CARNE";"Enchidos de carne";"CURED MEAT"
"3052";"ESPELHOS RETROVISORES PARA VEICULOS";"Espelhos retrovisores para veículos";"REAR-VIEW MIRROR FOR VEHICLES"
"3053";"FOSFORO (ELEMENTO QUIMICO NAO METALICO)";"Fosforo (elemento químico não metálico)";"PHOSPHORUS (CHEMICAL ELEMENT NON-METALLIC)"
"3058";"BARRAS, PERFIS E FIOS DE NIQUEL";"Barras, perfis e fios de níquel";"BARS, PROFILES AND WIRE OF NICKEL"
"3060";"BOMBAS, COMPRESSORES, VENTILADORES, ETC. E SUAS PARTES";"Bombas, compressores, ventiladores, etc. e suas partes";"PUMPS, COMPRESSORS, FANS, ETC. AND PARTS"
"3065";"BORRACHA MISTURADA,N/VULCAN.EM FORMA PRIMAR,CHAPAS,FLS.";"Borracha misturada,n/vulcan.em forma primar,chapas,fls.";"RUBBER, UNVULCANIZED, IN PRIMARY FORMS, PLATES, SHEETS"
"3070";"BRINQUEDOS, JOGOS E ARTIGOS PARA DIVERSAO E SUAS PARTES";"Brinquedos, jogos e artigos para diversão e suas partes";"TOYS, GAMES AND FUN ITEMS AND PARTS"
"3071";"ARTEFATOS P/USO DOMESTICO,DE FERRO FUNDIDO,FERRO OU ACO";"Artefatos p/uso doméstico,de ferro fundido,ferro ou aço";"WORN FOR DOMESTIC, OF IRON OR STEEL"
"3073";"ARMACOES E CABOS DE FERRAMENTAS OU VASSOURAS,DE MADEIRA";"Armações e cabos de ferramentas ou vassouras,de madeira";"FRAMES AND TOOLS OR BROOMS HANDLES, OF WOOD"
"3075";"CABOS E FIBRAS SINTETICAS OU ARTIFICIAIS";"Cabos e fibras sintéticas ou artificiais";"CABLES AND MAN-MADE FIBRES"
"3077";"ARTEFATOS PARA USO DOMESTICO, DE ALUMINIO";"Artefatos para uso doméstico, de alumínio";"HOUSEWARE ARTIFACTS, ALUMINUM"
"3080";"CAFE SOLUVEL";"Café solúvel";"INSTANT COFFEE"
"3081";"CAIXAS, SACOS E OUTRAS EMBALAGENS, DE PAPEL OU DE PASTA";"Caixas, sacos e outras embalagens, de papel ou de pasta";"BOXES, BAGS AND OTHER CONTAINERS, OF PAPER OR PULP"
"3083";"CAIXOTES, CAIXAS, ENGRADADOS, ETC. DE MADEIRA";"Caixotes, caixas, engradados, etc. de madeira";"BINS, BOXES, CRATES, ETC.DE WOOD"
"3089";"COQUE, BETUME E OUTROS RESIDUOS DE OLEO DE PETROLEO";"Coque, betume e outros resíduos de óleo de petróleo";"COKE, BITUMEN AND OTHER WASTE OF OIL"
"3090";"CAMARAS DE AR, DE BORRACHA";"Câmaras de ar, de borracha";"COLD AIR RUBBER"
"3096";"CALCADOS";"Calçados";"FOOTWEAR"
"3097";"CALDEIRAS, SUAS PARTES E APARELHOS AUXILIARES";"Caldeiras, suas partes e aparelhos auxiliares";"BOILERS, PARTS AND AUXILIARY EQUIPMENT"
"3098";"PREPARACOES E ARTIGOS FARMACEUTICOS P/ CIRURGIA, ETC.";"Preparações e artigos farmacêuticos p/ cirurgia, etc.";"PHARMACEUTICAL GOODS FOR SURGERY, ETC."
"3101";"COMPOSTOS DE FUNCAO CETONA OU DE FUNCAO QUINONA";"Compostos de função cetona ou de função quinona";"COMPOUND FUNCTION OF KETONETHE QUINONE FUNCTION"
"3103";"CHASSIS COM MOTOR E CARROCARIAS P/ VEICULOS AUTOMOVEIS";"Chassis com motor e carroçarias p/ veículos automóveis";"CHASSIS WITH ENGINES AND BODIES FOR MOTOR VEHICLES"
"3105";"PRODUTOS CERAMICOS REFRATARIOS";"Produtos cerâmicos refratários";"REFRACTORY CERAMIC PRODUCTS"
"3108";"CERVEJA DE MALTE";"Cerveja de malte";"BEER MADE FROM MALT"
"3111";"CIGARROS";"Cigarros";"CIGARETTES"
"3113";"COMPOSTOS INORGANICOS/ORGANICOS DE METAIS PRECIOSOS";"Compostos inorgânicos/orgânicos de metais preciosos";"INORGANIC AND ORGANIC COMPOUNDS OF PRECIOUS METALS"
"3116";"CHAPAS E FILMES FOTOGRAFICOS, NAO IMPRESSIONADOS";"Chapas e filmes fotográficos, não impressionados";"PHOTOGRAPHIC PLATES AND FILM, UNEXPOSED"
"3117";"CIRCUITOS IMPRESSOS";"Circuitos impressos";"PRINTED CIRCUITS"
"3121";"CHAPAS, FOLHAS, TIRAS, PELICULAS E LAMINAS, DE PLASTICO";"Chapas, folhas, tiras, películas e laminas, de plástico";"PLATES, SHEETS, STRIPS, FILM AND STRIP, OF PLASTICS"
"3122";"COMPOSTOS ORGANO-INORGANICOS";"Compostos organo-inorgânicos";"ORGANIC / INORGANIC COMPOUNDS"
"3123";"CONCENTRADO DE PROTEINA, SUBST. PROTEICA TEXTURIZADA";"Concentrado de proteína, subst. proteica texturizada";"PROTEIN CONCENTRATE, TEXTURED PROTEIN SUBSTANCES"
"3124";"CONDENSADORES ELETRICOS, FIXOS, VARIAVEIS OU AJUSTAVEIS";"Condensadores elétricos, fixos, variáveis ou ajustáveis";"ELECTRICAL CAPACITORS, FIXED, VARIABLE OR ADJUSTABLE"
"3126";"OXIDOS E HIDROXIDOS DE ALUMINIO";"Óxidos e hidróxidos de alumínio";"OXIDES AND HYDROXIDES ALUMINUM"
"3127";"OXIDOS E HIDROXIDOS DE FERRO";"Óxidos e hidróxidos de ferro";"OXIDES AND HYDROXIDES IRON"
"3128";"CADERNOS, AGENDAS E ARTIGOS SEMELHANTES";"Cadernos, agendas e artigos semelhantes";"NOTEBOOKS, DIARIES AND SIMILAR ARTICLES"
"3130";"MAQUINAS E APARELHOS P/TERRAPLANAGEM, PERFURACAO, ETC.";"Maquinas e aparelhos p/terraplanagem, perfuração, etc.";"MACHINERY AND EQUIPMENT EARTHMOVING, DRILLING, ETC."
"3131";"MAQUINAS E APARELHOS DE ELEVACAO DE CARGA,DESCARGA,ETC.";"Maquinas e aparelhos de elevação de carga,descarga,etc.";"MACHINES AND APPARATUS FOR LIFTING, DISCHARGE, ETC."
"3136";"MAQUINAS E APARELHOS P/FABR.DE PASTA CELULOSICA E PAPEL";"Maquinas e aparelhos p/fabr.de pasta celulósica e papel";"MACHINES AND APPARATUS FOR MANUFACTURE OF PULP AND PAPE"
"3139";"MAQUINAS E APARELHOS P/USO AGRICOLA (EXCETO TRATOR)";"Maquinas e aparelhos p/uso agrícola (exceto trator)";"MACHINES AND APPARATUS FOR AGRICULTURAL USE (EXCEPT TRA"
"3142";"MAQUINAS E APARELHOS P/ ENCHER, FECHAR, EMPACOTAR, ETC.";"Maquinas e aparelhos p/ encher, fechar, empacotar, etc.";"MACHINES AND APPARATUS FOR FILLING, CLOSING, PACKAGING,"
"3145";"MAQUINAS AUTOMATICAS P/PROCESS.DE DADOS E SUAS UNIDADES";"Maquinas automáticas p/process.de dados e suas unidades";"MACHINES AUTOMATIC DATA PROCESSING AND UNITS"
"3148";"MAQUINAS DE CALCULAR,DE CONTABILIDADE,REGISTRADORA,ETC.";"Maquinas de calcular,de contabilidade,registradora,etc.";"CALCULATING MACHINES, ACCOUNTING, RECORDS, ETC"
"3150";"MAQUINAS DE COSTURA,SUAS PARTES E PECAS";"Máquinas de costura,suas partes e pecas";"SEWING MACHINES, PARTS AND PARTS"
"3160";"MAQUINAS DE ESCREVER";"Maquinas de escrever";"TYPEWRITERS"
"3165";"MAQUINAS-FERRAMENTAS PARA FORJAR OU TRABALHAR METAIS";"Maquinas-ferramentas para forjar ou trabalhar metais";"MACHINES OR TOOLS FOR WORKING METAL FORGE"
"3166";"MAQS.QUE EXECUTEM 2 OU MAIS FUNCOES:IMPRESSAO/COPIA/FAX";"Maqs.que executem 2 ou mais funções:impressão/cópia/fax";"MACHINES RUNNING TWO OR MORE FUNCTIONS: PRINT / COPY / "
"3167";"ARTIGOS DE PLASTICO PARA TRANSPORTE OU PARA EMBALAGEM";"Artigos de plástico para transporte ou para embalagem";"ARTICLES OF PLASTIC PACKAGING FOR TRANSPORTATION OR FOR"
"3168";"MARGARINA, EXCETO A MARGARINA LIQUIDA";"Margarina, exceto a margarina liquida";"MARGARINE, EXCEPT LIQUID MARGARINE"
"3169";"OBRAS DE PLASTICO, OUTRAS";"Obras de plástico, outras";"ARTICLES OF PLASTIC, OTHER"
"3171";"PARTES E ACESSORIOS PARA MAQUINAS-FERRAMENTAS";"Partes e acessórios para maquinas-ferramentas";"PARTS AND ACCESSORIES FOR MACHINE TOOLS"
"3173";"ELETRODOS";"Eletrodos";"ELECTRODES"
"3175";"CHAPAS E FOLHAS DE BORRACHA VULCANIZADA NAO ENDURECIDA";"Chapas e folhas de borracha vulcanizada não endurecida";"SHEET AND VULCANIZED RUBBER"
"3177";"COLOFONIAS, ACIDOS RESINICOS E SEUS DERIVADOS";"Colofonias, ácidos resínicos e seus derivados";"ROSIN, RESIN ACIDS AND THEIR DERIVATIVES"
"3181";"COMPOSTOS DE FUNCOES NITROGENADAS";"Compostos de funções nitrogenadas";"NITROGEN-FUNCTION COMPOUNDS"
"3183";"JUNTAS E GAXETAS DE BORRACHA VULCANIZADA NAO ENDURECIDA";"Juntas e gaxetas de borracha vulcanizada não endurecida";"JOINTS AND GASKETS FOR VULCANIZED RUBBER"
"3187";"CENTRO DE USINAGEM E MAQS. ESTACOES MULTIPLAS, P/METAIS";"Centro de usinagem e maqs. estações múltiplas, p/metais";"MACHINING CENTER AND MACHINES MACHINES, FOR METALS"
"3188";"CORRENTES, DE FERRO FUNDIDO, FERRO OU ACO";"Correntes, de ferro fundido, ferro ou aço";"CHAIN OF IRON OR STEEL"
"3191";"MOTORES E TURBINAS PARA AVIACAO";"Motores e turbinas para aviação";"ENGINES AND TURBINES FOR AVIATION"
"3192";"MOTORES PARA PROPULSAO DE EMBARCACOES";"Motores para propulsão de embarcações";"ENGINES FOR MARINE PROPULSION"
"3193";"MOTORES PARA VEICULOS AUTOMOVEIS E SUAS PARTES";"Motores para veículos automóveis e suas partes";"ENGINES FOR MOTOR VEHICLES AND ITS PARTS"
"3194";"MOTORES DE PISTAO, OUTROS";"Motores à pistão, outros";"PISTON ENGINES, OTHER"
"3195";"MUNICOES DE CACA E ESPORTE";"Munições de caça e esporte";"HUNTING AMMUNITION AND SPORT"
"3196";"PARTES DE MOTORES E TURBINAS PARA AVIACAO";"Partes de motores e turbinas para aviação";"PIECES OF ENGINES AND TURBINES FOR AVIATION"
"3197";"OBRAS DE COURO NATURAL OU RECONSTITUIDO";"Obras de couro natural ou reconstituído";"WORKS LEATHER OR"
"3200";"PEDRAS PRECIOSAS OU SEMIPRECIOSAS, TRABALHADAS";"Pedras preciosas ou semipreciosas, trabalhadas";"OR SEMI-PRECIOUS STONES, WORKED"
"3201";"FALSOS TECIDOS SINTETICOS OU ARTIFICIAIS";"Falsos tecidos sintéticos ou artificiais";"NONWOVENS MAN-MADE"
"3203";"FARINHAS OU POS IMPROPRIAS P/ ALIM. HUMANA E TORRESMOS";"Farinhas ou pós improprias p/ alim. humana e torresmos";"AFTER MEAL OR UNFIT FOR HUMAN CONSUMPTION AND GREAVES"
"3205";"FENOIS, FENOIS-ALCOOIS";"Fenóis, fenóis-álcoois";"PHENOLS, PHENOL-ALCOHOLS"
"3207";"FITAS DE FIBRAS SINTETICAS OU ARTIFICIAIS";"Fitas de fibras sintéticas ou artificiais";"TAPES-MADE FIBERS"
"3211";"FORNOS INDUSTRIAIS OU DE LABORATORIO, NAO ELETRICOS";"Fornos industriais ou de laboratório, não elétricos";"INDUSTRIAL OR LABORATORY FURNACES, NON-ELETRIC"
"3213";"PRODUTOS DE CONFEITARIA SEM CACAU";"Produtos de confeitaria sem cacau";"CONFECTIONERY WITHOUT COCOA"
"3215";"PRODUTOS DA DESTILACAO DOS ALCATROES DE HULHA";"Produtos da destilação dos alcatroes de hulha";"PRODUCTS DISTILLATION OF COAL TAR"
"3217";"FUMO MANUFATURADO E SEUS SUCEDANEOS";"Fumo manufaturado e seus sucedâneos";"MANUFACTURED TOBACCO AND ITS SUBSTITUTES"
"3219";"GARRAFAS, FRASCOS E OUTROS RECIPIENTES DE VIDRO";"Garrafas, frascos e outros recipientes de vidro";"BOTTLES, BOTTLES AND OTHER GLASS CONTAINERS"
"3220";"PREPARACOES E CONSERVAS, DE CARNE BOVINA";"Preparações e conservas, de carne bovina";"PREPARATIONS AND CANNED, BEEF"
"3228";"PREPARACOES E CONSERVAS, DE CARNE DE FRANGO";"Preparações e conservas, de carne de frango";"PREPARATIONS AND PRESERVES, CHICKEN MEAT"
"3233";"GAS BUTANO, LIQUEFEITO";"Gás butano, liquefeito";"GAS BUTANE, LIQUEFIED"
"3235";"CIRCUITOS INTEGRADOS E MICROCONJUNTOS ELETRONICOS";"Circuitos integrados e microconjuntos eletrônicos";"INTEGRATED CIRCUITS AND MICROELETRONICS"
"3236";"CONSTRUCOES PRE-FABRICADAS";"Construções pré-fabricadas";"PREFABRICATED BUILDINGS"
"3240";"SISAL EM CORDEIS, CORDAS E CABOS";"Sisal em cordéis, cordas e cabos";"SISAL WIRY, ROPES AND CABLES"
"3251";"HELICOPTEROS";"Helicópteros";"HELICOPTERS"
"3252";"DEXTRINA E OUTROS AMIDOS E FECULAS MODIFICADOS";"Dextrina e outros amidos e féculas modificados";"DEXTRINS AND OTHER MODIFIED STARCHES"
"3253";"ELEMENTOS QUIMICOS E ISOTOPOS, RADIOATIVOS";"Elementos químicos e isótopos, radioativos";"CHEMICAL ELEMENTS AND ISOTOPES, RADIOACTIVE"
"3254";"DISTRIBUIDORES AUTOMATICOS DE PAPEL-MOEDA OU OUTS.OPER.";"Distribuidores automáticos de papel-moeda ou outs.oper.";"AUTOMATIC DISTRIBUTORS OF PAPER CURRENCY OR OTHER OPERA"
"3257";"ETERES ALCOOLICOS E SEUS DERIVADOS";"Éteres alcoólicos e seus derivados";"ETHER DERIVATIVES AND THEIR SPIRITS"
"3259";"FACAS, NAVALHAS, APARELHOS DE BARBEAR E TESOURAS";"Facas, navalhas, aparelhos de barbear e tesouras";"KNIVES, BLADES, SHAVING INSTRUMENTS AND SCISSORS"
"3260";"FERRAGENS PARA PORTAS E JANELAS, DE METAIS COMUNS";"Ferragens para portas e janelas, de metais comuns";"HARDWARE FOR DOORS AND WINDOWS, BASE METAL"
"3262";"FERRAMENTAS ELETROMECANICAS COM MOTOR, DE USO MANUAL";"Ferramentas eletromecânicas com motor, de uso manual";"ELECTROMECHANICAL TOOLS WITH MOTOR, MANUAL OF USE"
"3265";"FERRAMENTAS DE USO MANUAL OU PARA USO EM MAQUINAS";"Ferramentas de uso manual ou para uso em maquinas";"MANUAL TOOLS OR MACHINES FOR USE IN"
"3267";"FIBRAS DE VIDRO E SUAS OBRAS";"Fibras de vidro e suas obras";"FIBER GLASS AND GLASSWARE"
"3268";"FIOS, CABOS E CONDUTORES PARA USO ELETRICO";"Fios, cabos e condutores para uso elétrico";"WIRES, CABLES AND CONDUCTORS FOR ELECTRICAL"
"3271";"FIOS DE ALGODAO";"Fios de algodão";"COTTON YARN"
"3275";"FIOS DE FIBRAS TEXTEIS, SINTETICAS OU ARTIFICIAIS";"Fios de fibras têxteis, sintéticas ou artificiais";"FILAMENT YARN, SYNTHETIC OR ATIFICIAL"
"3277";"FIOS DE LA PENTEADA NAO ACONDICIONADOS P/VENDA A VAREJO";"Fios de lã penteada não acondicionados p/venda a varejo";"COMBED YARN NOT PUT UP AT P / RETAIL SALES"
"3278";"INSTRUMENTOS E APARELHOS PARA NAVEGACAO AEREA";"Instrumentos e aparelhos para navegação aérea";"INSTRUMENTS AND APPARATUS FOR NAVIGATION"
"3280";"IODETOS";"Iodetos";"IODIDE"
"3290";"FIOS DE SEDA NAO ACONDICIONADOS PARA VENDA A VAREJO";"Fios de seda não acondicionados para venda a varejo";"SILK YARN NOT PUT UP FOR RETAIL SALE"
"3292";"APARELHOS P/COZINHAR,AQUECEDORES DE PRATOS, SUAS PARTES";"Aparelhos p/cozinhar,aquecedores de pratos, suas partes";"EQUIPMENT P / COOKING, HEATING PLATES, PARTS"
"3293";"INSETICIDAS, FORMICIDAS, HERBICIDAS E PRODS.SEMELHANTES";"Inseticidas, formicidas, herbicidas e prods.semelhantes";"INSETICIDES, PESTICIDES, HERBICIDES AND SIMILAR PRODUCT"
"3295";"GASOLINA";"Gasolina";"GASOLINE"
"3297";"OBRAS DE BORRACHA VULCANIZADA NAO ENDURECIDA, OUTRAS";"Obras de borracha vulcanizada não endurecida, outras";"ARTICLES OF VULCANIZED RUBBER, OTHER"
"3298";"MOTORES,GERADORES E TRANSFORMADORES ELETR.E SUAS PARTES";"Motores,geradores e transformadores eletr.e suas partes";"MOTORS, GENERATORS AND ELECTRICAL TRANSFORMERS AND PART"
"3300";"CHOCOLATE E PREPARACOES ALIMENTICIAS COM CACAU";"Chocolate e preparações alimentícias com cacau";"CHOCOLATE AND FOOD PREPARATIONS CONTAINING COCOA"
"3301";"LEITE E CREME DE LEITE CONCENTRADO/ADICION.ACUCAR, ETC.";"Leite e creme de leite concentrado/adicion.acucar, etc.";"MILK AND CREAM CONCENTRATE ADDED SUGAR, ETC."
"3302";"CILINDROS HIDRAULICOS";"Cilindros hidráulicos";"HYDRAULIC CYLINDERS"
"3303";"CIMENTOS HIDRAULICOS";"Cimentos hidráulicos";"HYDRAULIC CEMENTS"
"3305";"CORDAS E CABOS DE ALUMINIO, NAO ISOLADOS P/USO ELETRICO";"Cordas e cabos de alumínio, não isolados p/uso elétrico";"ROPES AND CABLES OF ALUMINUM, NOT ISOLATED FOR ELECTRIC"
"3311";"CARBONETOS";"Carbonetos";"CARBIDES"
"3315";"CORDAS E CABOS DE FERRO OU ACO,NAO ISOLADOS P/USO ELETR";"Cordas e cabos de ferro ou aço,não isolados p/uso eletr";"ROPES AND CABLES OF IRON OR STEEL, NOT ISOLATED FOR ELE"
"3316";"ENERGIA ELETRICA";"Energia elétrica";"ELECTRIC ENERGY"
"3320";"CORREIA TRANSPORTADORA/TRANSMISSAO,DE BORRACHA VULCANIZ";"Correia transportadora/transmissão,de borracha vulcaniz";"CONVEYOR / TRANSMISSION, OF VULCANIZED RUBBER"
"3329";"HETEROSIDIOS E ALCALOIDES VEGETAIS,NATURAIS/REPRODUZIDO";"Heterosídios e alcaloides vegetais,naturais/reproduzido";"GLYCOSIDES AND VEGETABLE ALKALOIDS, NATURAL / REPRODUCE"
"3335";"MADEIRA COMPENSADA OU CONTRAPLACADA E SEMELHANTES";"Madeira compensada ou contraplacada e semelhantes";"PLYWOOD OR SIMILAR"
"3338";"MEDICAMENTOS PARA MEDICINA HUMANA E VETERINARIA";"Medicamentos para medicina humana e veterinária";"MEDICINES FOR HUMAN MEDICINE AND VETERINARY"
"3341";"MOVEIS E SUAS PARTES, EXCETO MEDICO-CIRURGICOS";"Moveis e suas partes, exceto medico-cirúrgicos";"FURNITURE AND PARTS, EXCEPT MEDICAL-SURGICAL"
"3349";"MICROFONES E ALTO-FALANTES E SUAS PARTES";"Microfones e alto-falantes e suas partes";"MICROPHONES AND SPEAKERS AND PARTS"
"3351";"APARELHOS E DISPOSITIVOS ELETR. DE IGNICAO OU ARRANQUE";"Aparelhos e dispositivos eletr. de ignição ou arranque";"APPLIANCES AND FIXTURES OF IGNITION OR STARTING"
"3355";"APARELHOS ELETR.DE ILUMINACAO OU SINALIZ. P/ AUTOMOVEIS";"Aparelhos eletr.de iluminação ou sinaliz. p/ automóveis";"ELECTRICAL LIGHTING SIGNS OR MOTOR"
"3365";"APARELHOS ELETRO-MECANICOS OU TERMICOS,DE USO DOMESTICO";"Aparelhos eletro-mecânicos ou térmicos,de uso doméstico";"EQUIPMENT ELECTRO MECHANICAL OR THERMAL, FOR DOMESTIC U"
"3368";"CACHACA E CANINHA (RUM E TAFIA)";"Cachaça e caninha (rum e tafiá)";"RUM AND OTHER SPIRITS OBTAINED BY DISTILLING FERMENTED "
"3369";"CENTRIFUGADORES E APARELHOS PARA FILTRAR OU DEPURAR";"Centrifugadores e aparelhos para filtrar ou depurar";"CENTRIFUGAL AND APPARATUS FOR FILTERING OR DEBUG"
"3372";"APARELHOS DE FOTOCOPIA E DE TERMOCOPIA";"Aparelhos de fotocópia e de termocópia";"APPLIANCES PHOTOCOPYING AND THERMO-COPYING"
"3376";"APARELHOS P/INTERRUPCAO,PROTECAO DE ENERGIA,SUAS PARTES";"Aparelhos p/interrupção,proteção de energia,suas partes";"APPARATUS FOR INTERRUPTION PROTECTION, ENERGY, AND PART"
"3381";"APARELHOS TRANSMISSORES OU RECEPTORES E COMPONENTES";"Aparelhos transmissores ou receptores e componentes";"TRASNMISSION OR RECPTION DEVICES AND COMPONENTS"
"3383";"APARELHOS MECANICOS P/PROJETAR/PULVERIZAR LIQUIDOS/POS";"Aparelhos mecânicos p/projetar/pulverizar líquidos/pós";"APPARATUS FOR MECHANICAL DESIGN / SPRAY LIQUIDS / POWDE"
"3384";"MADEIRA PERFILADA, MESMO APLAINADA, POLIDA OU UNIDA";"Madeira perfilada, mesmo aplainada, polida ou unida";"WOOD CONTINUOUSLY SHAPED, PLANED, SANDED OR"
"3393";"MOLDES PARA METAIS,VIDRO,MINERAIS, BORRACHA OU PLASTICO";"Moldes para metais,vidro,minerais, borracha ou plástico";"MOULDS FOR METAL, GLASS, MINERALS, RUBBER OR PLASTIC"
"3395";"MISTURA DE SUBST.ODORIF.P/IND.ALIMENTAR,DE BEBIDAS,ETC.";"Mistura de subst.odorif.p/ind.alimentar,de bebidas,etc.";"MIXTURE OF ODORIFEROUS SUBSTANCES FOR FOOD, BEVERAGE, E"
"3397";"MOBILIARIO P/MEDICINA,ODONTOLOG.VETERINARIA,SALAO BELEZ";"Mobiliário p/medicina,odontolog.veterinária,salão belez";"MEDICAL, DENTISTRY, VETERINARY MEDICINE, SALON"
"3399";"MOLAS E FOLHAS DE MOLAS, DE FERRO OU ACO";"Molas e folhas de molas, de ferro ou aço";"SPRINGS AND LEAVES FOR SPRINGS, OF IRON OR STEEL"
"3400";"MAQUINAS DE LAVAR ROUPA E SUAS PARTES";"Maquinas de lavar roupa e suas partes";"WASHING MACHINES AND PARTS"
"3401";"NAFTAS";"Naftas";"NAPHTAS"
"3405";"GARRAFAS TERMICAS E RECIPIENTES ISOTERMICOS";"Garrafas térmicas e recipientes isotérmicos";"THERMAL BOTTLES AND CONTAINERS ISOTHERMAL"
"3411";"AUTOMOVEIS DE PASSAGEIROS";"Automóveis de passageiros";"PASSENGER CARS"
"3414";"OBRAS DE MADEIRA, OUTRAS";"Obras de madeira, outras";"ARTICLES OF WOOD, OTHER"
"3415";"GELATINAS E COLAS PARA USOS INDUSTRIAIS";"Gelatinas e colas para usos industriais";"GELATIN AND ADHESIVES FOR INDUSTRIAL USE"
"3421";"AVIOES";"Aviões";"AIRCRAFT"
"3425";"GRUPOS PARA CONDICIONAMENTO DE AR";"Grupos para condicionamento de ar";"GROUP FOR AIR CONDITIONING"
"3432";"EMBARCACOES";"Embarcações";"SHIPS"
"3433";"EXTRATOS E SUCOS, DE CARNES, ETC.";"Extratos e sucos, de carnes, etc.";"EXTRACTS AND JUICES OF MEAT, ETC."
"3435";"OLEO DE ALGODAO REFINADO";"Óleo de algodão refinado";"REFINED OIL OF COTTON"
"3436";"OLEO DE ALGODAO, EXCETO REFINADO OU EM BRUTO";"Óleo de algodão, exceto refinado ou em bruto";"OIL OF COTTON, NOT REFINED OR CRUDE"
"3440";"EXTRATOS,ESSENCIAS,CONCENTRADO DE CAFE,EXC.CAFE SOLUVEL";"Extratos,essências,concentrado de café,exc.café solúvel";"EXTRACTS, ESSENTIAL, CONCENTRATE COFFEE, EXCEPT INSTANT"
"3450";"PARTES E PECAS PARA VEICULOS AUTOMOVEIS E TRATORES";"Partes e pecas para veículos automóveis e tratores";"PARTS AND PIECES OF MOTOR, VEHICLES AND TRACTORS"
"3460";"TRATORES";"Tratores";"TRACTORS"
"3461";"PASTAS, GAZES E ATADURAS CONT.SUBSTANCIAS FARMACEUTICAS";"Pastas, gazes e ataduras cont.substâncias farmacêuticas";"PULP, GAUZE AND BANDAGES CONTAINING PHARMACEUTICAL SUBS"
"3470";"VEICULOS DE CARGA";"Veículos de carga";"CARGO VEHICLES"
"3473";"GUARNICOES PARA EMBREAGENS";"Guarnições para embreagens";"FITTINGS FOR CLUTCHES"
"3475";"GUARNICOES PARA FREIOS";"Guarnições para freios";"BRAKE LININGS"
"3490";"VEICULOS E MATERIAIS PARA VIAS FERREAS";"Veículos e materiais para vias férreas";"VEHICLES AND MATERIALS TRAMWAY"
"3494";"CAMISETAS ""T-SHIRTS"" E CAMISETAS INTERIORES, DE MALHA";"Camisetas ""t-shirts"" e camisetas interiores, de malha";"T-SHIRTS, MESH"
"3497";"VESTUARIO PARA HOMENS E MENINOS";"Vestuário para homens e meninos";"CLOTHING FOR MEN AND BOYS"
"3499";"VESTUARIO PARA MULHERES E MENINAS";"Vestuário para mulheres e meninas";"CLOTHING FOR WOMEN AND GIRLS"
"3500";"INSTRUMENTOS E APARELHOS MEDICOS";"Instrumentos e aparelhos médicos";"MEDICAL INSTRUMENTS AND APPLIANCES"
"3501";"PAPEL E CARTAO REVESTIDOS, IMPREGNADOS, RECOBERTOS,ETC.";"Papel e cartão revestidos, impregnados, recobertos,etc.";"PAPER AND PAPERBOARD COATED, IMPREGNATED, COVERED, ETC."
"3505";"ISOLADORES PARA USO ELETRICO";"Isoladores para uso elétrico";"INSULATION FOR ELECTRIC"
"3506";"LAMINADORES DE METAIS E SEUS CILINDROS";"Laminadores de metais e seus cilindros";"COLD FORMING OF METALS AND THEIR DRUMS"
"3511";"OBJETOS DE VIDRO PARA USO DOMESTICO OU ORNAMENTACAO";"Objetos de vidro para uso doméstico ou ornamentação";"OBJECTS OF GLASS FOR HOUSEHOLD USE OR ORNAMENTAL"
"3516";"LAMPADAS, TUBOS ELETRICOS E FAROIS";"Lâmpadas, tubos elétricos e faróis";"LAMPS, TUBES AND ELECTRICAL HEADLAMPS"
"3519";"LAPIS PARA ESCREVER";"Lápis para escrever";"PENCIL FOR WRITING"
"3520";"LENTES PARA OCULOS E LENTES DE CONTATO";"Lentes para óculos e lentes de contato";"SPECTACLES AND CONTACT LENSES"
"3521";"LIVROS, REVISTAS, JORNAIS E IMPRESSOS SEMELHANTES";"Livros, revistas, jornais e impressos semelhantes";"BOOKS, MAGAZINES, NEWSPAPERS AND SIMILAR PRINTED"
"3522";"HIDROXIDO DE SODIO (SODA CAUSTICA)";"Hidróxido de sódio (soda caustica)";"SODIUM HYDROXIDE (CAUSTIC SODA)"
"3523";"LEVEDURAS E OUTROS MICROORGANISMOS MONOCELULARES,MORTOS";"Leveduras e outros microorganismos monocelulares,mortos";"YEAST AND OTHER MICROORGANISMS MONOCELUARES, DEAD"
"3525";"LOUCAS DE CERAMICA PARA USO DOMESTICO,HIGIENE, TOUCADOR";"Loucas de cerâmica para uso doméstico,higiene, toucador";"CROCKERY OF POTTERY, HYGIENE, TOILET"
"3530";"MAQUINAS E APARELHOS P/FABR.IND. DE ALIMENTOS E BEBIDAS";"Maquinas e aparelhos p/fabr.ind. de alimentos e bebidas";"MACHINES AND APPARATUS FOR PLANTS FOR FOOD AND BEVERAGE"
"3532";"MAQUINAS E APARELHOS P/MOLDAR BORRACHA OU PLASTICO";"Maquinas e aparelhos p/moldar borracha ou plástico";"MACHINERY AND EQUIPMENT P / RUBBER OR PLASTIC MOULDING"
"3533";"PREPARACOES QUIMICAS PARA USOS FOTOGRAFICOS";"Preparações químicas para usos fotográficos";"CHEMICAL PREPARATIONS FOR PHOTOGRAPHIC USES"
"3534";"MAQUINAS E APARELHOS P/TRATAM.DE PEDRA E SUBST. MINERAL";"Maquinas e aparelhos p/tratam.de pedra e subst. mineral";"MACHINERY/EQUIPMENT FOR ABDUCTION TREATMENT OF STONE/MI"
"3536";"OLEO DE SOJA REFINADO";"Óleo de soja refinado";"SOYBEAN OIL REFINED"
"3537";"GORDURAS E OLEOS,ANIMAIS,VEGETAIS,COZIDOS,OXIDADOS,ETC.";"Gorduras e óleos,animais,vegetais,cozidos,oxidados,etc.";"OILS AND FATS, ANIMAL, VEGETABLE, BOILED, ETC."
"3538";"GORDURAS E OLEOS VEGETAIS HIDROGENADOS, ETC.";"Gorduras e óleos vegetais hidrogenados, etc.";"FATS AND OILS HYDROGENATED VEGETABLES, ETC."
"3540";"OLEO DE SOJA, EXCETO REFINADO OU EM BRUTO";"Óleo de soja, exceto refinado ou em bruto";"SOYBEAN OIL, NOT CRUDE OR REFINED"
"3543";"OLEOS ACIDOS DE REFINACAO E ACIDOS GRAXOS INDUSTRIAIS";"Óleos ácidos de refinação e ácidos graxos industriais";"ACID OILS FROM REFINING AND FATTY ACIDS INDUSTRIAL"
"3546";"PAINEIS DE PARTICULAS E PAINEIS SEMELHANTES, DE MADEIRA";"Painéis de partículas e painéis semelhantes, de madeira";"PARTICLE BOARD AND SIMILAR BOARDS WOOD"
"3560";"OLEOS COMBUSTIVEIS (OLEO DIESEL,FUEL-OIL, ETC.)";"Óleos combustíveis (óleo diesel,fuel-oil, etc.)";"FUEL OILS (DIESEL, FUEL-OIL, ETC.)"
"3564";"OLEOS LUBRIFICANTES";"Óleos lubrificantes";"LUBRICATING OILS"
"3567";"FRALDAS DE PAPEL,LENCOS, TOALHAS E ABSORVENTES DE PAPEL";"Fraldas de papel,lenços, toalhas e absorventes de papel";"PAPER NAPKINS, HANDKERCHIEFS, TOWELS AND ABSORBENT PAPE"
"3569";"MOLDURAS DE MADEIRA P/ QUADROS, FOTOGRAFIAS, ETC.";"Molduras de madeira p/ quadros, fotografias, etc.";"WOODEN FRAMES FOR PAINTINGS, PHOTOGRAPHS, ETC."
"3571";"OLEOS ESSENCIAIS E SEUS SUBPRODUTOS";"Óleos essenciais e seus subprodutos";"ESSENTIAL OILS AND THEIR PRODUCTS"
"3572";"PAPEL PARA CIGARROS";"Papel para cigarros";"CIGARETTE PAPER"
"3573";"PAPEL P/FABRICACAO DE PAPEL HIGIENICO, LENCO OU TOALHA";"Papel p/fabricação de papel higiênico, lenço ou toalha";"PAPER FOR THE MANUFACT. OF TOILET PAPER, HANDKERCHIEF O"
"3575";"PREPARACOES PARA ALIMENTACAO DE CRIANCAS";"Preparações para alimentação de crianças";"PREPARATIONS FOR INFANT"
"3580";"PAINEIS DE FIBRAS COMPRIMIDAS DE MADEIRA";"Painéis de fibras comprimidas de madeira";"FIBREBOARD COMPRESSED WOOD"
"3590";"PALMITOS EM CONSERVA";"Palmitos em conserva";"PALM HEARTS CANNED"
"3600";"PAPEIS,CARTOES E TEXTEIS,FOTOGRAF.SENSIB.NAO IMPRESSION";"Papéis,cartões e têxteis,fotograf.sensib.nao impression";"PAPER, PAPERBOARD AND TEXTILES, PHOTOGRAPHIC SENSITIZED"
"3602";"PAPEIS DE CAMADA MULTIPLA";"Papeis de camada múltipla";"PAPER LAYER MULTIPLA"
"3605";"MATERIAS CORANTES ORGANICAS SINTETICAS";"Matérias corantes orgânicas sintéticas";"SYNTHETIC ORGANIC COLORING MATTER"
"3609";"ROLHAS,TAMPAS E ACESSORIOS P/EMBALAGEM,DE METAIS COMUNS";"Rolhas,tampas e acessórios p/embalagem,de metais comuns";"STOPPERS, LIDS AND ACCESSORIES FOR PACKAGING, OF BASE M"
"3610";"MISTURAS DE AQUILBENZENOS";"Misturas de aquilbenzenos";"MIXED ALKYLBENZENES"
"3616";"MOTOCICLETAS";"Motocicletas";"MOTORCYCLES"
"3618";"PREPARACOES PARA ELABORACAO DE BEBIDAS";"Preparações para elaboração de bebidas";"PREPARATIONS FOR THE PREPARATION OF BEVERAGES"
"3621";"ACETATOS,NITRATOS, ETERES DE CELULOSE E OUTS. DERIVADOS";"Acetatos,nitratos, éteres de celulose e outs. derivados";"ACETATES, NITRATES, CELLULOSE ETHERS AND OTHER DERIVATI"
"3625";"OBRAS DE MARCENARIA OU DE CARPINTARIA PARA CONSTRUCOES";"Obras de marcenaria ou de carpintaria para construções";"BUILDERS'JOINERY AND CARPENTRY OF WOOD"
"3633";"PRODUTOS DE PADARIA";"Produtos de padaria";"BAKERY PRODUCTS"
"3635";"ONIBUS E OUTROS VEICULOS COM CAPACIDADE >= 10 PESSOAS";"Ônibus e outros veículos com capacidade >= 10 pessoas";"BUSES AND OTHER VEHICLES WITH CAPACITY> = 10 PERSONS"
"3645";"OXIDO DE PROPILENO (METILOXIRANO)";"Óxido de propileno (metiloxirano)";"PROPYLENE OXIDE (METILOXIRANO)"
"3648";"PROTEINAS DE SOJA, PEPTONAS E SEUS DERIVADOS";"Proteínas de soja, peptonas e seus derivados";"SOY PROTEINS, AND THEIR DERIVATIVES PEPTONES"
"3651";"SERVICOS DE MESA E OUTS.ARTIGOS DOMESTICOS, DE PLASTICO";"Serviços de mesa e outs.artigos domésticos, de plástico";"SERVICES BUREAU AND OTHER HOUSEHOLD ARTICLES, OF PLASTI"
"3655";"PAPEL E CARTAO, PARA ESCRITA,IMPRESSAO OU FINS GRAFICOS";"Papel e cartão, para escrita,impressão ou fins gráficos";"PAPER AND CARD, WRITING, PRINTING ETC"
"3661";"PAPEL E CARTAO KRAFT, EM ROLOS OU EM FOLHAS";"Papel e cartão kraft, em rolos ou em folhas";"KRAFT PAPER AND PAPERBOARD, IN ROLLS OR IN SHEETS"
"3669";"QUADROS E PAINEIS C/APARS.P/COMANDO/DISTRIB. DE ENERGIA";"Quadros e painéis c/apars.p/comando/distrib. de energia";"PANELS W/TABLES AND APPAR. FOR ELETRIC CONTROL/THE DIST"
"3671";"PARAFUSOS,PINOS,PORCAS E ARTEFS.SEMELHS.DE FERRO OU ACO";"Parafusos,pinos,porcas e artefs.semelhs.de ferro ou aço";"BOLTS, PINS, NUTS AND SIMILAR CONTAINERS OF IRON OR STE"
"3674";"PARTES DE CALCADOS";"Partes de calçados";"PARTS OF FOOTWEAR"
"3676";"PARTES E ACESSORIOS DE EQUIPAM. P/MOVIMENTACAO DE CARGA";"Partes e acessórios de equipam. p/movimentação de carga";"PARTS AND ACCESSORIES FOR EQUIPMENT CARGO HANDLING"
"3678";"ROUPAS DE CAMA, DE MESA, DE TOUCADOR OU DE COZINHA";"Roupas de cama, de mesa, de toucador ou de cozinha";"BED LINEN, TABLE, TOILET OR KITCHEN"
"3679";"PARTES E ACESSORIOS DE MAQS.AUTOMAT.P/PROCESS. DE DADOS";"Partes e acessórios de maqs.automat.p/process. de dados";"PARTS AND ACCESSORIES OF MACHINES AUTOMATIC DATA PROCES"
"3681";"PRODUTOS DE PERFUMARIA,DE TOUCADOR E PREPARS.COSMETICAS";"Produtos de perfumaria,de toucador e prepars.cosméticas";"PERFUMERY, AND TOILET COSMETIC PREPARATIONS"
"3686";"ABRASIVOS E PEDRAS PARA AMOLAR E SEMELHANTES";"Abrasivos e pedras para amolar e semelhantes";"ABRASIVES AND STONES AND SIMILAR TO SHARPEN"
"3688";"OBRAS DE MARMORE E GRANITO";"Obras de mármore e granito";"MARBLE AND GRANITE WORKS"
"3690";"OBRAS DE FERRO OU ACO, OUTRAS";"Obras de ferro ou aço, outras";"ARTICLES OF IRON OR STEEL, OTHER"
"3691";"OBRAS DE GALIO, HAFNIO, INDIO, NIOBIO, RENIO E TALIO";"Obras de gálio, háfnio, índio, nióbio, rênio e tálio";"ARTICLES OF GALLIUM, HAFNIUM, INDIUM, NIOBIUM, RHENIUM "
"3692";"OBRAS DE ALUMINIO";"Obras de alumínio";"ARTICLES OF ALUMINIUM"
"3693";"OBRAS DE ASFALTO OU DE PRODUTOS SEMELHANTES";"Obras de asfalto ou de produtos semelhantes";"ARTICLES OF ASPHALT OR SIMILAR PRODUCTS"
"3695";"PERFIS E FIOS, DE FERRO OU ACOS";"Perfis e fios, de ferro ou aço";"PROFILES AND WIRE OF IRON OR STEEL"
"3697";"PEROXIDO DE HIDROGENIO (AGUA OXIGENADA)";"Peroxido de hidrogênio (agua oxigenada)";"HYDROGEN PEROXIDE"
"3705";"PISOS E REVESTIMENTOS CERAMICOS";"Pisos e revestimentos cerâmicos";"FLOORS AND WALL TILES"
"3707";"TEREFTALATO DE POLIETILENO";"Tereftalato de polietileno";"POLYETYLENE TEREPHTHALATE"
"3710";"HIDROCARBONETOS E SEUS DERIVADOS HALOGENADOS, ETC.";"Hidrocarbonetos e seus derivados halogenados, etc.";"HYDROCARBONS AND THEIR HALOGENATED, ETC."
"3715";"INSTRUMENTOS E APARELHOS DE MEDIDA, DE VERIFICACAO,ETC.";"Instrumentos e aparelhos de medida, de verificação,etc.";"INSTRUMENTS AND APPLIANCES FOR MEASURING, CHECKING, ETC"
"3717";"TUBOS E SEUS ACESSORIOS, DE PLASTICOS";"Tubos e seus acessórios, de plásticos";"PIPE AND ITS ACCESSORIES, OF PLASTICS"
"3718";"PARTES E PECAS DE AVIOES,HELICOPTEROS,OUTS.VEIC. AEREOS";"Partes e pecas de aviões,helicópteros,outs.veíc. aéreos";"PARTS AND PIECES OF AIRPLANES, HELICOTERS, OTHER AIRCRA"
"3719";"TURBINAS HIDRAULICAS E RODAS HIDRAULICAS";"Turbinas hidráulicas e rodas hidráulicas";"HYDRAULIC TURBINES AND WATER WHEELS"
"3722";"PILHAS, BATERIAS E ACUMULADORES ELETRICOS";"Pilhas, baterias e acumuladores elétricos";"BATTERIES, ELECTRICAL BATTERIES AND ACCUMULATORS"
"3724";"PLATAFORMAS DE PERFURACAO OU DE EXPLORACAO,DRAGAS, ETC.";"Plataformas de perfuração ou de exploração, dragas, etc";"PLATFORMS DRILLING OR, DRAGAS, ETC."
"3725";"POLIAMIDAS EM FORMAS PRIMARIAS";"Poliamidas em formas primárias";"POLYAMIDES IN PRIMARY FORMS"
"3727";"POLICLORETO DE VINILA (PVC)";"Policloreto de vinila (pvc)";"POLYVINYL CHLORIDE (PVC)"
"3729";"POLIMEROS DE ETILENO, PROPILENO E ESTIRENO";"Polímeros de etileno, propileno e estireno";"POLYMERS OF ETHYLENE, PROPYLENE AND STYRENE"
"3731";"TUBOS DE FERRO FUNDIDO, FERRO OU ACO E SEUS ACESSORIOS";"Tubos de ferro fundido, ferro ou aço e seus acessórios";"PIPES OF IRON OR STEEL AND ITS ACCESSORIES"
"3733";"POLIACETAIS E OUTROS POLIETERES EM FORMAS PRIMARIAS";"Poliacetais e outros polieteres em formas primárias";"OTHER POLYESTHERS AND POLYACETALS IN PRIMARY FORMS"
"3743";"REBOQUES, SEMI-REBOQUES, E SUAS PARTES";"Reboques, semi-reboques, e suas partes";"TRAILERS, SEMI-TRAILE, AND PARTS"
"3745";"REFRIGERADORES, CONGELADORES E SEMELHS. PARTES E PECAS";"Refrigeradores, congeladores e semelhs. partes e pecas";"REFRIGERATORS, FREEZERS AND THE LIKE AND SPARE PARTS"
"3750";"FIO-MAQUINA E BARRAS DE FERRO OU ACOS";"Fio-máquina e barras de ferro ou aços";"HOT-ROLLED AND BARS OF IRON OR STEEL"
"3751";"PREPARACOES E CONSERVAS, DE PEIXES";"Preparações e conservas, de peixes";"PREPARATIONS AND PRESERVED FISHS"
"3752";"PREPARACOES E CONSERVAS, DE CARNE DE PERU";"Preparações e conservas, de carne de peru";"PREPARATIONS AND PRESERVED TURKEY MEAT"
"3753";"PREPARACOES LUBRIFICANTES P/TRATAM.MATERIAS TEXTEIS,ETC";"Preparações lubrificantes p/tratam.matérias têxteis,etc";"PREPARATIONS FOR TREATMENT OF LUBRICATING MATERIALS TEX"
"3755";"PREPARACOES UTILIZADAS NA ALIMENTACAO DE ANIMAIS";"Preparações utilizadas na alimentação de animais";"PREPARATIONS USED IN FOOD ANIMALS"
"3758";"PRODUTOS HORTICOLAS PREPARADOS/CONSERV.EM ACIDO ACETICO";"Produtos hortícolas preparados/conserv.em acido acético";"VEGETABLES PREPARED OR PRESERVED ACETIC ACID"
"3761";"PRODUTOS LAMINADOS PLANOS DE FERRO OU ACOS";"Produtos laminados planos de ferro ou aços";"FLAT-ROLLED PRODUCTS OF IRON OR STEEL"
"3766";"COMPOSTOS HETEROCICLICOS, SEUS SAIS E SULFONAMIDAS";"Compostos heterocíclicos, seus sais e sulfonamidas";"HETEROCYCLIC COMPOUNDS, AND THEIR SALTS SULFONAMIDES"
"3768";"REFRIGERANTES E OUTRAS BEBIDAS NAO ALCOOLICAS,EXC.SUCOS";"Refrigerantes e outras bebidas não alcoólicas,exc.sucos";"SOFT DRINKS AND OTHER NON-ALCOHOLIC BEVERAGES, JUICE EX"
"3769";"RESINAS AMINICAS,FENOLICAS,POLIURETANOS,EM FORMA PRIMAR";"Resinas amínicas,fenólicas,poliuretanos,em forma primar";"AMINO-RESINS, PHENOLIC, POLYURETHANES, IN PRIMARY FORM"
"3771";"RESINAS EPOXIDAS E POLICARBONATOS";"Resinas epóxidas e policarbonatos";"EPOXY RESIN AND POLYCARBONATE"
"3774";"RESISTENCIAS ELETRICAS E PARTES, EXCETO DE AQUECIMENTO";"Resistências elétricas e partes, exceto de aquecimento";"ELECTRICAL RESISTANCE AND PARTS, EXCEPT FOR HEATING"
"3777";"ROLAMENTOS E ENGRENAGENS, PARTES E PECAS";"Rolamentos e engrenagens, partes e pecas";"BEARINGS AND GEARS, AND SPARE PARTS"
"3783";"VELUDOS E PELUCIAS TECIDOS DE ALGODAO";"Veludos e pelúcias tecidos de algodão";"PILE FABRICS OF COTTON"
"3802";"SABOES, PRODUTOS E PREPARACOES, PARA LIMPEZA";"Sabões, produtos e preparações, para limpeza";"SOAP AND PREPARATIONS FOR CLEANING"
"3804";"SACOS PARA EMBALAGEM, DE MATERIAS TEXTEIS";"Sacos para embalagem, de matérias têxteis";"PACKING BAGS FOR TEXTILE"
"3806";"SISAL E OUTRAS FIBRAS TEXTEIS ""AGAVE"" TRABALHADAS";"Sisal e outras fibras têxteis ""agave"" trabalhadas";"SISAL AND OTHER TEXTILE ""AGAVE"" WORKED"
"3808";"FERRAMENTAS MANUAIS, PNEUMATICAS, HIDRAULICAS, ETC.";"Ferramentas manuais, pneumáticas, hidráulicas, etc.";"HAND TOOLS, PNEUMATIC, HYDRAULIC, ETC."
"3810";"SILICIO";"Silício";"SILICON"
"3813";"SILOS METALICOS P/ CEREAIS, FIXOS,INCL.AS BATERIAS, ETC";"Silos metálicos p/ cereais, fixos,incl.as baterias, etc";"METALLIC SILOS FOR CEREAL, FIXED, INCL. BATTERIES, ETC"
"3815";"RECIPIENTES PARA GASES, DE FERRO FUNDIDO, FERRO OU ACO";"Recipientes para gases, de ferro fundido, ferro ou aço";"CONTAINERS FOR GAS, OF IRON OR STEEL"
"3819";"SUCO DE ABACAXI, CONGELADO OU NAO";"Suco de abacaxi, congelado ou não";"PINEAPPLE JUICE, FROZEN OR NOT"
"3821";"SUCO DE LARANJA CONGELADO";"Suco de laranja congelado";"ORANGE JUICE, FROZEN"
"3823";"SUCO DE LARANJA NAO CONGELADO";"Suco de laranja não congelado";"ORANGE JUICE, NOT FROZEN"
"3825";"TALHERES DE METAIS COMUNS";"Talheres de metais comuns";"FORKS OF BASE METAL"
"3827";"SUCO DE MACA, CONGELADO OU NAO";"Suco de maçã, congelado ou não";"APPLE JUICE, FROZEN OR NOT"
"3829";"SUCO DE POMELO (""GRAPEFRUIT"") CONGELADO OU NAO";"Suco de pomelo (""grapefruit"") congelado ou não";"GRAPEFRUIT (INCLUDING POMELO) JUICE, FROZEN OR NOT"
"3831";"SUCO DE TOMATE CONGELADO OU NAO";"Suco de tomate congelado ou não";"TOMATO JUICE, FROZEN OR NOT"
"3833";"SUCO DE UVA CONGELADO OU NAO";"Suco de uva congelado ou não";"GRAPE JUICE, FROZEN OR NOT"
"3835";"OUTS.SUCOS DE FRUTAS OU PRODS. HORTICOLAS, CONG. OU NAO";"Outs.sucos de frutas ou prods. hortícolas, cong. ou não";"JUICE OF ANY OTHER SINGLE FRUIT OR VEGETABLE, FROZEN OR"
"3837";"UREIA MESMO EM SOLUCAO AQUOSA";"Ureia mesmo em solução aquosa";"UREA, INCLUDING IN AQUEOUS SOLUTION"
"3838";"TECIDO E FELTRO, UTIL. EM MAQS. P/ FABRICACAO DE PAPEL";"Tecido e feltro, util. em maqs. p/ fabricação de papel";"FABRIC AND FELT, USED IN PAPER MAKING MACHINES"
"3839";"TECIDO ATOALHADO DE ALGODAO";"Tecido atoalhado de algodão";"TERRYCLOTH OF COTTON"
"3840";"TECIDOS DE ALGODAO";"Tecidos de algodão";"COTTON FABRICS"
"3849";"TECIDOS IMPREGNADOS, REVESTIDOS, ETC. COM PLASTICO";"Tecidos impregnados, revestidos, etc. com plástico";"IMPREGNATED, COATED WITH PLASTIC"
"3851";"TECIDOS DE FIBRAS TEXTEIS, SINTETICAS OU ARTIFICIAIS";"Tecidos de fibras têxteis, sintéticas ou artificiais";"WOVEN TEXTILE FIBRES, SYNTHETIC OR ARTIFICIAL"
"3853";"TECIDOS DE MALHA";"Tecidos de malha";"WOVEN MESH"
"3854";"TINTAS DE IMPRESSAO";"Tintas de impressão";"PRINTING INKS"
"3855";"TINTAS, VERNIZES E PIGMENTOS AQUOSOS";"Tintas, vernizes e pigmentos aquosos";"VARNISHES AND AQUEOUS PIGMENT"
"3857";"TORNEIRAS, VALVULAS E DISPOSITIVOS SEMELHANTES E PARTES";"Torneiras, válvulas e dispositivos semelhantes e partes";"TAPS, VALVES AND SIMILAR DEVICES AND PARTS"
"3858";"TELAS OU GRADES CATALISADORAS, DE PLATINA";"Telas ou grades catalisadoras, de platina";"CATALYST MESHES OR GRIDS, PLATINUM"
"3859";"TELAS PARA PNEUMATICOS, DE FIOS DE ALTA TENACIDADE";"Telas para pneumáticos, de fios de alta tenacidade";"FABRICS FOR PNEUMATIC, HIGH TOUGHNESS OF YARN"
"3860";"TORNOS PARA METAIS";"Tornos para metais";"LATHES FOR METALS"
"3861";"TUBOS DE BORRACHA VULCANIZADA E SEUS ACESSORIOS";"Tubos de borracha vulcanizada e seus acessórios";"VULCANIZED RUBBER TUBES AND ITS ACCESSORIES"
"3862";"TURBINAS A VAPOR E SUAS PARTES";"Turbinas a vapor e suas partes";"STEAM TURBINES AND PARTS"
"3864";"CONSTRUCOES E SUAS PARTES,DE FERRO FUNDIDO,FERRO OU ACO";"Construções e suas partes,de ferro fundido,ferro ou aço";"BUILDINGS AND PARTS, OF IRON OR STEEL"
"3865";"POLIESTERES, OUTROS";"Poliesteres, outros";"POLYESTER, OTHER"
"3866";"TUBOS FLEXIVEIS, DE FERRO OU ACO";"Tubos flexíveis, de ferro ou aço";"FLEXIBLE PIPES, OF IRON OR STEEL"
"3867";"TUBOS DE COBRE E ACESSORIOS";"Tubos de cobre e acessórios";"COPPER PIPES AND ACCESSORIES"
"3870";"VASSOURAS, ESCOVAS, PINCEIS E ARTIGOS SEMELHANTES";"Vassouras, escovas, pincéis e artigos semelhantes";"BROOMS, BRUSHES, BRUSH SETS AND SIMILAR ARTICLES"
"3873";"VINHO DE UVAS";"Vinho de uvas";"WINE OF GRAPES"
"3877";"VIDRO EM ESFERAS,BARRAS,VARETAS E TUBOS, NAO TRABALHADO";"Vidro em esferas,barras,varetas e tubos, não trabalhado";"GLASS IN BALLS, BARS, RODS AND TUBES, NOT WORKED"
"3879";"VIDRO FLOTADO,DESBASTADO OU POLIDO, EM CHAPAS OU FOLHAS";"Vidro flotado,desbastado ou polido, em chapas ou folhas";"FLOAT GLASS, TRIMMED OR POLISHED, IN SHEETS"
"3881";"VIDROS DE SEGURANCA";"Vidros de segurança";"SAFETY GLASSES"
"3990";"DEMAIS PRODUTOS MANUFATURADOS";"Demais produtos manufaturados";"OTHER MANUFACTURED GOODS"
"4010";"TRANSACOES ESPECIAIS - DEMAIS";"Transações especiais - demais";"SPECIAL TRANSACTIONS - OTHER"
"4020";"TRANSACOES ESPECIAIS - PEDRAS EM BRUTO DO CAP.71 NCM-SH";"Transações especiais - pedras em bruto do cap.71 ncm-sh";"SPECIAL TRANSACTIONS - CRUDE STONES OF CAP.71 NCM-SH"
"5010";"CONSUMO DE BORDO - DEMAIS";"Consumo de bordo - demais";"CONSUMPTION ON BOARD: OTHER"
"5020";"CONSUMO DE BORDO - OLEOS E COMBUSTIVEIS";"Consumo de bordo - óleos e combustíveis";"CONSUMPTION ON BOARD - OILS AND FUELS"
"6010";"REEXPORTACAO";"Reexportação";"REEXPORT"
